id,source_document,category,question,reference_answer,chatbot_answer,gemini_answer,chatbot_is_correct,chatbot_match_score,chatbot_judge_reason,gemini_is_correct,gemini_match_score,gemini_judge_reason
a486bfddfafc410653110381747c463425bf5f5c,คู่มือนักศึกษา,การลงทะเบียน,ระเบียบการลงทะเบียน,"1.กำหนดวันและวิธีการลงทะเบียน
มหาวิทยาลัยเป็นผู้กำหนดวันและวิธีการลงทะเบียนในแต่ละภาคเรียน หากนักศึกษาไม่ลงทะเบียนตามกำหนด จะ ไม่มีสิทธิ์เข้าสอบกลางภาคและปลายภาค ในภาคเรียนนั้น","การลงทะเบียนเรียนมีรายละเอียดดังนี้:

*   **กำหนดวันและวิธีการลงทะเบียน**
    *   เป็นไปตามประกาศของมหาวิทยาลัยในแต่ละภาคเรียน
    *   หากนักศึกษาไม่ลงทะเบียนตามกำหนด จะไม่มีสิทธิ์เข้าสอบ (กลางภาคและปลายภาค) ในภาคเรียนนั้น

*   **วิชาที่ต้องลงทะเบียน**
    *   วิชาที่นับหน่วยกิตและนำมาคิดค่าระดับคะแนนเฉลี่ย
    *   วิชาที่ไม่นับหน่วยกิต แต่เป็นวิชาบังคับในหลักสูตร
    *   วิชาที่มหาวิทยาลัยกำหนดให้เรียนหรือฝึกโดยไม่นับหน่วยกิต
    *   วิชาที่มีหน่วยกิต แต่ไม่ให้ค่าระดับคะแนน หากผลเป็นที่พอใจจะได้ S แต่หากไม่พอใจจะได้ U และนับหน่วยกิตสำหรับการจบหลักสูตร แต่ไม่นำหน่วยกิตไปคิดค่าระดับคะแนนเฉลี่ย

*   **จำนวนหน่วยกิตที่ลงทะเบียน**
    *   **ในภาคการศึกษาปกติ:**
        *   วิชาปฏิบัติต้องลงทะเบียนให้ครบตามจำนวนหน่วยกิตที่เปิดสอนในภาคการศึกษานั้น
        *   นักศึกษาภาคปกติ: ลงทะเบียนไม่ต่ำกว่า 9 หน่วยกิต แต่ไม่เกิน 22 หน่วยกิต
        *   นักศึกษาภาคค่ำ: ลงทะเบียนไม่ต่ำกว่า 6 หน่วยกิต แต่ไม่เกิน 18 หน่วยกิต
        *   กรณีจำนวนหน่วยกิตที่เหลือในหลักสูตรต่ำกว่าที่กำหนด นักศึกษาสามารถลงทะเบียนต่ำกว่าที่กำหนดได้
    *   **ในภาคการศึกษาฤดูร้อน:**
        *   นักศึกษาจะลงทะเบียนได้ไม่เกิน 6 หน่วยกิต

*   **การลงทะเบียนเพื่อรักษาสถานภาพนักศึกษา**
    *   กรณีที่นักศึกษาไม่มีรายวิชาจะลงทะเบียนเรียนในภาคการศึกษาปกติ ต้องดำเนินการขอรักษาสถานภาพนักศึกษา
    *   ต้องชำระเงินค่ารักษาสถานภาพภายใน 15 วัน นับตั้งแต่วันเปิดภาคการศึกษา
    *   มิฉะนั้นจะพ้นสภาพการเป็นนักศึกษา และจะนับระยะเวลาที่ขอรักษาสถานภาพรวมอยู่ในระยะเวลาการศึกษา

*   **การขอเพิ่ม เปลี่ยน หรือถอนวิชาเรียน**
    *   **วิชาทฤษฎี:** สามารถขอเปลี่ยนหรือเพิ่มวิชาเรียนได้ภายใน 3 สัปดาห์นับตั้งแต่วันเปิดภาคการศึกษา
    *   **วิชาปฏิบัติ:** สามารถขอเปลี่ยนหรือเพิ่มวิชาเรียนได้ภายใน 1 สัปดาห์นับตั้งแต่วันเปิดภาคการศึกษา
    *   การคิดค่าระดับคะแนนเฉลี่ยจะคิดแต่เฉพาะหน่วยกิตของวิชาที่เลือกเรียนใหม่

หากต้องการข้อมูลเพิ่มเติมเกี่ยวกับการลงทะเบียนในส่วนใดเป็นพิเศษ เช่น การลงทะเบียนภาคฤดูร้อน หรือขั้นตอนการรักษาสถานภาพ โปรดระบุคำถามให้เจาะจงขึ้น","ระเบียบการลงทะเบียนมีดังนี้:

1.  **วันและวิธีการลงทะเบียน:** เป็นไปตามประกาศของมหาวิทยาลัยในแต่ละภาคเรียน
2.  **ผลของการไม่ลงทะเบียน:** นักศึกษาจะไม่มีสิทธิ์เข้าสอบ (กลางภาคและปลายภาค) ในภาคเรียนนั้น
3.  **วิชาที่ต้องลงทะเบียน:**
    *   วิชาที่นับหน่วยกิตและนำมาคิดค่าระดับคะแนนเฉลี่ย
    *   วิชาที่ไม่นับหน่วยกิต แต่เป็นวิชาบังคับในหลักสูตร
    *   วิชาที่มหาวิทยาลัยกำหนดให้เรียนหรือฝึกโดยไม่นับหน่วยกิต
    *   วิชาที่มีหน่วยกิต แต่ไม่ให้ค่าระดับคะแนน (ได้ S หรือ U)
4.  **จำนวนหน่วยกิตในภาคการศึกษาปกติ:**
    *   วิชาปฏิบัติต้องลงทะเบียนให้ครบตามจำนวนหน่วยกิตที่เปิดสอน
    *   วิชาทฤษฎีและปฏิบัติรวมกันต้องไม่ต่ำกว่า 12 หน่วยกิต และไม่เกิน 24 หน่วยกิต
    *   กรณีหน่วยกิตที่เหลือในหลักสูตรมีจำนวนต่ำกว่า 12 หน่วยกิต นักศึกษาสามารถลงทะเบียนต่ำกว่าที่กำหนดได้
5.  **การลงทะเบียนเพื่อรักษาสถานภาพนักศึกษา:** มีระเบียบนี้กำหนดไว้",True,1.0,คำตอบของผู้สมัครได้ครอบคลุมสาระหลักทั้งหมดของคำตอบอ้างอิงอย่างถูกต้องและครบถ้วน โดยระบุถึงผู้กำหนดวันและวิธีการลงทะเบียน รวมถึงผลของการไม่ลงทะเบียนตามกำหนด ซึ่งตรงกับข้อมูลในคำตอบอ้างอิงทุกประการ แม้ว่าคำตอบของผู้สมัครจะมีข้อมูลเพิ่มเติมที่ไม่ปรากฏในคำตอบอ้างอิง แต่ข้อมูลหลักที่อ้างอิงถึงนั้นถูกต้องและครบถ้วน จึงถือว่า 'ใกล้เคียงสาระหลัก' และ 'ไม่ขาดสาระหลัก' ตามกติกา,False,0.4,"คำตอบของผู้สมัครได้ระบุสาระสำคัญทั้งสองประเด็นที่ปรากฏในคำตอบอ้างอิงได้อย่างถูกต้อง (การกำหนดวันและวิธีการลงทะเบียน และผลของการไม่ลงทะเบียน) อย่างไรก็ตาม คำตอบของผู้สมัครได้เพิ่มข้อมูลอื่น ๆ อีกหลายประเด็น (เช่น วิชาที่ต้องลงทะเบียน, จำนวนหน่วยกิต, การรักษาสถานภาพนักศึกษา) ซึ่งไม่ได้อยู่ในขอบเขตของคำตอบอ้างอิงที่ให้มา ด้วยกติกาการตรวจที่เข้มงวดที่ระบุว่า 'คำตอบที่ถูกเพียงบางส่วน ให้ตัดเป็น is_correct=false' และการที่คำตอบอ้างอิงเป็นตัวกำหนดขอบเขตของคำตอบที่คาดหวัง การมีข้อมูลที่ถูกต้องแต่เกินขอบเขตที่กำหนดไว้จึงถือว่าไม่ตรงตามคำตอบอ้างอิงทั้งหมด"
